Asset,Category,Triangles,Moving Parts
Air_Conditioner,Appliances,4900,0
Balcony_Slider_r19,Windows,960,2
Ballpoint_Pen,Props,236,0
Bath_Door,Architecture,2068,1
Bath_Extractor,Fixtures,2068,0
Bath_Floor_Drain,Bathroom,1504,0
Bath_Mirror,Bathroom,376,0
Bath_Shelf,Bathroom,1740,0
Bath_Soap,Props,980,0
Bath_Vanity,Bathroom,5112,1
Bedside_Ledge,Furniture,188,0
Bedside_Table,Furniture,1448,0
Canvas_Shoes,Props,19916,0
Canvas_Tote,Props,2364,0
Ceiling,Architecture,12,0
Ceiling_Bath,Lighting,376,0
Ceiling_Creative,Architecture,12,0
Ceiling_Entry,Lighting,376,0
Ceiling_Light_r19,Lighting,120,0
Ceiling_Main,Lighting,376,0
Ceiling_Spacious,Architecture,12,0
Charging_Cable,Props,964,0
Chopsticks,Props,2680,0
Clothes_Hanger,Props,1840,0
Clothes_Rail,Furniture,1984,0
Coffee_Table,Furniture,1448,0
Compact_Microwave,Appliances,5976,1
Compact_Sofa,Furniture,14164,0
Computer_Mouse,Props,2376,0
Cooking_Pan,Props,2616,0
Curtains,Furniture,25476,0
Cutting_Board,Props,188,0
Desk,Furniture,1504,0
Desk_Books,Props,1692,0
Desk_Chair,Furniture,4908,0
Desk_Lamp,Props,460,0
Dining_Table_r19,Furniture,300,0
Dinner_Fork,Props,624,0
Dish_Rack,Props,3736,0
Dish_Soap,Props,3656,0
Dish_Sponge,Props,376,0
Drawing_Tablet,Electronics,4104,0
Entry_Door,Architecture,1944,1
Entry_Tray,Props,380,0
External_Monitor,Electronics,3116,0
Extractor_Hood,Appliances,1448,0
Fabric_Storage_Basket,Props,1304,0
File_Organizer,Props,1216,0
Floor_Bath,Architecture,6768,0
Floor_Bath_Creative,Architecture,6768,0
Floor_Bath_Spacious,Architecture,6768,0
Floor_Entry,Architecture,6768,0
Floor_Entry_Creative,Architecture,6768,0
Floor_Entry_Spacious,Architecture,6768,0
Floor_Main,Architecture,18812,0
Floor_Main_Creative,Architecture,18812,0
Floor_Main_Spacious,Architecture,18812,0
Floor_Mat,Furniture,212,0
Floor_Service,Architecture,12,0
Floor_Service_Creative,Architecture,12,0
Floor_Service_Spacious,Architecture,12,0
Folded_Shirt,Props,1036,0
Folded_Towels,Props,9096,0
Folded_Trousers,Props,3792,0
Folded_Umbrella,Props,2116,0
Fridge,Appliances,4268,2
Hanging_Cardigan,Props,14416,0
Headphones,Props,3872,0
House_Keys,Props,3316,0
Intercom,Fixtures,1692,0
Interior_Hinged_075_r20,Doors,1320,1
Interior_Hinged_086_Reverse_r20,Doors,1320,1
Interior_Hinged_086_r20,Doors,1320,1
Interior_Slider_Privacy_r20,Doors,1080,1
Interior_Slider_r19,Doors,720,1
Kettle,Props,26802,2
Kitchen_Bowls,Props,4608,0
Kitchen_Knife,Props,1052,0
Kitchen_Shelf,Furniture,564,0
Kitchen_Sideboard,Furniture,2820,2
Kitchen_Spatula,Props,892,0
Kitchen_Towel,Props,3312,0
Kitchenette,Appliances,10860,3
Laptop,Props,12796,1
Laundry_Hamper,Props,9044,0
Laundry_Items,Props,2912,0
Laundry_Socks,Everyday Props,3200,0
Lidded_Trash_Bin,Props,3376,1
Light_Switch,Fixtures,376,0
LivedIn_Ceiling_r19,Architecture,60,0
LivedIn_Floors_r19,Architecture,2628,0
LivedIn_Walls_r19,Architecture,4680,0
Living_Door,Architecture,940,1
Loose_Charging_Cable,Everyday Props,2364,0
Loose_TShirt,Everyday Props,3160,0
Media_Ledge,Furniture,188,0
Mouse_Pad,Props,1028,0
Notebook,Props,6484,0
Open_Bookcase,Furniture,1880,0
Open_Parcel_Box,Everyday Props,1916,0
Outlet_Bed,Fixtures,1052,0
Outlet_Desk,Fixtures,1052,0
Outlet_Kitchen,Fixtures,1052,0
Packing_Paper,Everyday Props,1136,0
Partition_Bath,Architecture,36,0
Partition_Living,Architecture,36,0
Partition_Living_Creative,Architecture,36,0
Partition_Living_Spacious,Architecture,36,0
Pen_Cup,Props,876,0
Potted_Plant,Props,2992,0
Razor,Props,676,0
Receipt_Slips,Everyday Props,288,0
Receipts,Props,368,0
Rice_Cooker,Appliances,5220,1
Room_Door,Architecture,1464,1
Round_Stool,Furniture,1156,0
Sauce_Bottle,Props,1616,0
Shampoo_Bottle,Props,2164,0
Shoe_Cabinet,Furniture,2068,2
Shower_Set,Bathroom,1172,0
Side_Plate,Props,1280,0
Single_Bed,Furniture,21188,1
Slippers,Props,1320,0
Smartphone,Props,1188,0
Soaking_Tub,Bathroom,1128,0
Spice_Jar,Props,1612,0
Standing_Books,Props,3880,0
Storage_Box,Props,1648,0
Studio_Ceiling_r19,Architecture,60,0
Studio_Floors_r19,Architecture,2244,0
Studio_Walls_r19,Architecture,3360,0
Stylus,Electronics,428,0
TV,Appliances,564,0
TV_Remote,Props,5028,0
Takeaway_Container,Everyday Props,3296,0
Tea_Mug,Props,2144,0
Tea_Tin,Props,1740,0
Tissue_Box,Props,1784,0
Toilet,Bathroom,3812,1
Toilet_Paper,Bathroom,256,0
Toothbrush,Props,2944,0
Toothbrush_Cup,Props,672,0
Toothpaste,Props,820,0
TwoRoom_Ceiling,Architecture,188,0
TwoRoom_Ceiling_r19,Architecture,60,0
TwoRoom_Floors,Architecture,40044,0
TwoRoom_Floors_r19,Architecture,3840,0
TwoRoom_Shell,Architecture,4136,0
TwoRoom_Walls_r19,Architecture,5280,0
USB_Charger,Props,752,0
Umbrella_Stand,Props,2476,0
Used_Mug,Everyday Props,2160,0
Utensil_Crock,Props,576,0
Utility_Cart,Furniture,3596,0
Vanity_Shelf,Bathroom,564,0
Wall_Art,Props,964,0
Wall_Back,Architecture,236,0
Wall_Back_Creative,Architecture,236,0
Wall_Back_Spacious,Architecture,236,0
Wall_Front,Architecture,36,0
Wall_Front_Creative,Architecture,36,0
Wall_Front_Spacious,Architecture,36,0
Wall_Left,Architecture,200,0
Wall_Left_Creative,Architecture,200,0
Wall_Left_Spacious,Architecture,200,0
Wall_Right,Architecture,200,0
Wall_Right_Creative,Architecture,200,0
Wall_Right_Spacious,Architecture,200,0
Wallet,Props,1216,0
Wardrobe,Furniture,1924,2
Wash_Tube,Props,1168,0
Washer,Appliances,10728,1
Window_DoubleSlider,Architecture,7644,2
Wooden_Spoon,Props,804,0
